[{"title":"Getting Started","_path":"/introduction","children":[{"title":"Setup","_path":"/introduction/setup","layout":"docs"},{"title":"Options","_path":"/introduction/options","layout":"docs"}]},{"title":"Docs","_path":"/docs","children":[{"title":"Getting started","_path":"/docs/getting-started"},{"title":"Development Environment","_path":"/docs/development-environment"},{"title":"Architecture","_path":"/docs/architecture"},{"title":"Database Model","_path":"/docs/db-model"},{"title":"Application Configuration","_path":"/docs/application-configuration"},{"title":"Deployment","_path":"/docs/deployment"},{"title":"Backup and restore","_path":"/docs/backup-and-restore"},{"title":"Database Initialization","_path":"/docs/db-init-sql-scripts"},{"title":"SQL","_path":"/docs/duckdbsql"},{"title":"Mastering SQL Queries with the Tickit Database on DuckDB","_path":"/docs/mastering-sql-queries-with-the-tickit-database-on-duckdb"}]}]